leaf01,leaf02,leaf03
nba scores,nba scores espn,nba scores espn reviews
nba scores,nba scores espn,nba scores espn france
nba scores,nba scores 2020,nba scores 2020 reviews
nba scores,nba scores 2020,nba scores 2020 france
nba scores,nba scores yesterday,nba scores yesterday reviews
nba scores,nba scores yesterday,nba scores yesterday france
nba standing,nba standing 2020,nba standing 2020 reviews
nba standing,nba standing 2020,nba standing 2020 france
nba standing,nba standings 2017,nba standings 2017 reviews
nba standing,nba standings 2017,nba standings 2017 france
nba streaming,nba streaming replay,nba streaming replay reviews
nba streaming,nba streaming replay,nba streaming replay france
nba streaming,nba streaming youtube,nba streaming youtube reviews
nba streaming,nba streaming youtube,nba streaming youtube france
